"Status","Start Time","Stop Time","Duration in ms","Parent Suite","Suite","Sub Suite","Test Class","Test Method","Name","Description"
"passed","Sun Dec 27 18:55:07 CST 2020","Sun Dec 27 18:55:07 CST 2020","0","testcase","test_calu","Test_claul","","","test_sub[decimal]",""
"passed","Sun Dec 27 18:55:07 CST 2020","Sun Dec 27 18:55:07 CST 2020","0","testcase","test_calu","Test_claul","","","test_add[int]",""
"passed","Sun Dec 27 18:55:07 CST 2020","Sun Dec 27 18:55:07 CST 2020","0","testcase","test_calu","Test_claul","","","test_mul[int]",""
"failed","Sun Dec 27 18:55:07 CST 2020","Sun Dec 27 18:55:07 CST 2020","0","testcase","test_calu","Test_claul","","","test_add[decimal]",""
"passed","Sun Dec 27 18:55:07 CST 2020","Sun Dec 27 18:55:07 CST 2020","0","testcase","test_calu","Test_claul","","","test_sub[int]",""
"broken","Sun Dec 27 18:55:07 CST 2020","Sun Dec 27 18:55:07 CST 2020","0","testcase","test_calu","Test_claul","","","test_div[zero]",""
"failed","Sun Dec 27 18:55:07 CST 2020","Sun Dec 27 18:55:07 CST 2020","0","testcase","test_calu","Test_claul","","","test_div[decimal]",""
"passed","Sun Dec 27 18:55:07 CST 2020","Sun Dec 27 18:55:07 CST 2020","0","testcase","test_calu","Test_claul","","","test_mul[decimal]",""
"passed","Sun Dec 27 18:55:07 CST 2020","Sun Dec 27 18:55:07 CST 2020","0","testcase","test_calu","Test_claul","","","test_div[int]",""
